年份,语言,题名,完整作者,期刊,卷,期,页码或文章号,DOI,链接,张栋署名,期刊官网,全文链接,PDF链接
2026,en,"Seasonal pollution characteristics, sources and environmental impact of volatile organic compounds in urban area in central China",Lihua Pan; Dong Zhang; Bowen Zhang; Minghao Yuan; Yifei Xu; Jie Tao; Ruiqin Zhang; Xiao Li,Atmospheric Pollution Research,17,7,102990,10.1016/j.apr.2026.102990,https://doi.org/10.1016/j.apr.2026.102990,coauthor,https://linkinghub.elsevier.com/retrieve/pii/S1309104226001066,,
2026,en,Quantifying source-specific formaldehyde contributions to photochemical oxidant formation in a highly polluted Chinese megacity,Yunxiang Zhang; Jie Tao; Panru Kang; Dong Zhang; Yifei Xu; Mingkai Wang; Shenbo Wang; Ruiqin Zhang,Atmospheric Environment,367,,121762,10.1016/j.atmosenv.2025.121762,https://doi.org/10.1016/j.atmosenv.2025.121762,coauthor,https://linkinghub.elsevier.com/retrieve/pii/S135223102500737X,,
2026,en,PAN pollution during PM2.5 episodes in a traffic hub city in central China: mechanisms and implications,Xinshuai Song; Xiao Li; Dong Zhang; Zhe Dong; Xuan Lu; Bowen Zhang; Ruiqin Zhang,Atmospheric Pollution Research,17,1,102717,10.1016/j.apr.2025.102717,https://doi.org/10.1016/j.apr.2025.102717,coauthor,https://linkinghub.elsevier.com/retrieve/pii/S1309104225003198,,
2025,en,Unraveling the formation and precursor sensitivity of peroxyacetyl nitrate (PAN) in urban photochemical pollution: A case study of Zhengzhou,Dong Zhang; Xiao Li; Qi Ying; Qixiang Xu; Xuan Lu; Minghao Yuan; Yifei Xu; Zhangsen Dong,Atmospheric Environment,360,,121412,10.1016/j.atmosenv.2025.121412,https://doi.org/10.1016/j.atmosenv.2025.121412,first,https://linkinghub.elsevier.com/retrieve/pii/S1352231025003875,,
2025,en,Establishment and verification of anthropogenic speciated VOCs emission inventory of Central China,Xuan Lu; Dong Zhang; Lanxin Wang; Shefang Wang; Xinran Zhang; Yali Liu; Keying Chen; Xinshuai Song; Shasha Yin; Ruiqin Zhang; Shanshan Wang; Minghao Yuan,Journal of Environmental Sciences,149,,406-418,10.1016/j.jes.2024.01.033,https://doi.org/10.1016/j.jes.2024.01.033,coauthor,https://linkinghub.elsevier.com/retrieve/pii/S1001074224000470,,
2024,en,The variations in volatile organic compounds based on the policy change for Omicron in the traffic hub of Zhengzhou,Bowen Zhang; Dong Zhang; Zhe Dong; Xinshuai Song; Ruiqin Zhang; Xiao Li,Atmospheric Chemistry and Physics,24,23,13587-13601,10.5194/acp-24-13587-2024,https://doi.org/10.5194/acp-24-13587-2024,cofirst,https://acp.copernicus.org/articles/24/13587/2024/,https://acp.copernicus.org/articles/24/13587/2024/,https://acp.copernicus.org/articles/24/13587/2024/acp-24-13587-2024.pdf
2024,en,Measurement report: Elevated atmospheric ammonia may promote particle pH and HONO formation – insights from the COVID-19 pandemic,Xinyuan Zhang; Lingling Wang; Nan Wang; Shuangliang Ma; Shenbo Wang; Ruiqin Zhang; Dong Zhang; Mingkai Wang; Hongyu Zhang,Atmospheric Chemistry and Physics,24,17,9885-9898,10.5194/acp-24-9885-2024,https://doi.org/10.5194/acp-24-9885-2024,coauthor,https://acp.copernicus.org/articles/24/9885/2024/,https://acp.copernicus.org/articles/24/9885/2024/,https://acp.copernicus.org/articles/24/9885/2024/acp-24-9885-2024.pdf
2024,en,Study on main sources of aerosol pH and new methods for additional reduction of PM2.5 during winter severe pollution: Based on the PMF-GAS model,Yunfei Wei; Shuodi Wang; Nan Jiang; Dong Zhang; Ruiqin Zhang,Journal of Cleaner Production,471,,143401,10.1016/j.jclepro.2024.143401,https://doi.org/10.1016/j.jclepro.2024.143401,coauthor,https://linkinghub.elsevier.com/retrieve/pii/S0959652624028506,,
2024,en,p‑Phenylenediamine antioxidants in PM2.5: New markers for traffic in positive matrix factorization source apportionment,Nan Jiang; Xuexin Hao; Zichen Wang; Minzhen Li; Dong Zhang; Rong Cao; Ruiqin Zhang; Haijun Zhang; Jiping Chen; Ningbo Geng,Journal of Hazardous Materials,476,,135122,10.1016/j.jhazmat.2024.135122,https://doi.org/10.1016/j.jhazmat.2024.135122,coauthor,https://linkinghub.elsevier.com/retrieve/pii/S0304389424017011,,
2024,zh,基于光化学损失的郑州市夏季VOCs污染特征、来源及环境影响,李卓; 王冰; 王甜甜; 张栋; 宋鑫帅; 袁明浩; 卢轩; 王文举; 尹沙沙; 张瑞芹,环境科学,45,9,5157–5167,10.13227/j.hjkx.202310049,https://doi.org/10.13227/j.hjkx.202310049,coauthor,https://www.hjkx.ac.cn/hjkx/ch/reader/view_abstract.aspx?file_no=20240916&flag=1,,
2024,en,"Characteristics and sources of nonmethane volatile organic compounds (NMVOCs) and O3–NOx–NMVOC relationships in Zhengzhou, China",Dong Zhang; Xiao Li; Minghao Yuan; Yifei Xu; Qixiang Xu; Fangcheng Su; Shenbo Wang; Ruiqin Zhang,Atmospheric Chemistry and Physics,24,15,8549-8567,10.5194/acp-24-8549-2024,https://doi.org/10.5194/acp-24-8549-2024,first,https://acp.copernicus.org/articles/24/8549/2024/,https://acp.copernicus.org/articles/24/8549/2024/,https://acp.copernicus.org/articles/24/8549/2024/acp-24-8549-2024.pdf
2024,en,Sources and environmental impacts of volatile organic components in a street canyon: Implication for vehicle emission,Zhangsen Dong; Dong Zhang; Tiantian Wang; Xinshuai Song; Yanyan Hao; Shanshan Wang; Shenbo Wang,Science of The Total Environment,917,,170569,10.1016/j.scitotenv.2024.170569,https://doi.org/10.1016/j.scitotenv.2024.170569,coauthor,https://linkinghub.elsevier.com/retrieve/pii/S004896972400706X,,
2024,zh,郑州市冬夏季污染过程中大气VOCs污染特征、来源解析及活性分析,赖梦洁; 张栋; 于世杰; 宋鑫帅; 李晓; 张瑞芹,环境科学,45,2,689–699,10.13227/j.hjkx.202301125,https://doi.org/10.13227/j.hjkx.202301125,coauthor,https://www.hjkx.ac.cn/hjkx/ch/html/20240208.htm,,
2023,en,Simultaneous observations of peroxyacetyl nitrate and ozone in Central China during static management of COVID-19: Regional transport and thermal decomposition,Xinshuai Song; Dong Zhang; Xiao Li; Xuan Lu; Mingkai Wang; Bowen Zhang; Ruiqin Zhang,Atmospheric Research,294,,106958,10.1016/j.atmosres.2023.106958,https://doi.org/10.1016/j.atmosres.2023.106958,coauthor,https://linkinghub.elsevier.com/retrieve/pii/S0169809523003551,,
2023,en,Strong relations of peroxyacetyl nitrate (PAN) formation to alkene and nitrous acid during various episodes,Xueqi Qiao; Mei Sun; Yifei Wang; Dong Zhang; Ruiqin Zhang; Bu Zhao; Jianbo Zhang,Environmental Pollution,326,,121465,10.1016/j.envpol.2023.121465,https://doi.org/10.1016/j.envpol.2023.121465,coauthor,https://linkinghub.elsevier.com/retrieve/pii/S0269749123004670,,
2023,zh,郑州市多站点大气VOCs变化特征及源解析,王冰; 尹沙沙; 黄爱枝; 张栋; 卢轩; 张瑞芹,环境科学,44,2,699–708,10.13227/j.hjkx.202203117,https://doi.org/10.13227/j.hjkx.202203117,coauthor,https://www.hjkx.ac.cn/hjkx/ch/reader/view_abstract.aspx?file_no=20230211&flag=1,,
2022,en,"Measurement report: Intra- and interannual variability and source apportionment of volatile organic compounds during 2018–2020 in Zhengzhou, central China",Shijie Yu; Shenbo Wang; Ruixin Xu; Dong Zhang; Meng Zhang; Fangcheng Su; Xuan Lu; Xiao Li; Ruiqin Zhang; Lingling Wang,Atmospheric Chemistry and Physics,22,22,14859-14878,10.5194/acp-22-14859-2022,https://doi.org/10.5194/acp-22-14859-2022,coauthor,https://acp.copernicus.org/articles/22/14859/2022/,https://acp.copernicus.org/articles/22/14859/2022/,https://acp.copernicus.org/articles/22/14859/2022/acp-22-14859-2022.pdf
2022,zh,济源冬季VOCs污染特征、来源和SOAP,王芳; 李利霞; 王红果; 赵宗生; 张建平; 张栋,环境科学,43,7,3451–3462,10.13227/j.hjkx.202109153,https://doi.org/10.13227/j.hjkx.202109153,corresponding,https://www.hjkx.ac.cn/ch/reader/view_abstract.aspx?file_no=20220708&flag=1,,
2022,en,"Characteristics, source analysis and chemical reactivity of ambient VOCs in a heavily polluted city of central China",Aizhi Huang; Shasha Yin; Minghao Yuan; Yifei Xu; Shijie Yu; Dong Zhang; Xuan Lu; Ruiqin Zhang,Atmospheric Pollution Research,13,4,101390,10.1016/j.apr.2022.101390,https://doi.org/10.1016/j.apr.2022.101390,coauthor,https://linkinghub.elsevier.com/retrieve/pii/S1309104222000769,,
2022,zh,郑州市典型污染过程PM1中重金属浓度、来源及健康风险评估,翟诗婷; 王申博; 张栋; 赵孝囡; 杨洁茹; 刘洋; 陈红阳; 张瑞芹,环境科学,43,3,1180–1189,10.13227/j.hjkx.202107001,https://doi.org/10.13227/j.hjkx.202107001,coauthor,https://www.hjkx.ac.cn/hjkx/ch/html/20220306.htm,,
2021,en,"Characteristics, sources and health risks assessment of VOCs in Zhengzhou, China during haze pollution season",Dong Zhang; Bing He; Minghao Yuan; Shijie Yu; Shasha Yin; Ruiqin Zhang,Journal of Environmental Sciences,108,,44-57,10.1016/j.jes.2021.01.035,https://doi.org/10.1016/j.jes.2021.01.035,first,https://linkinghub.elsevier.com/retrieve/pii/S1001074221000395,,
2021,en,Seasonal discrepancies in peroxyacetyl nitrate (PAN) and its correlation with ozone and PM2.5: Effects of regional transport from circumjacent industrial cities,Mei Sun; Ying Zhou; Yifei Wang; Xiaochen Zheng; Jia'nan Cui; Dong Zhang; Jianbo Zhang; Ruiqin Zhang,Science of The Total Environment,785,,147303,10.1016/j.scitotenv.2021.147303,https://doi.org/10.1016/j.scitotenv.2021.147303,coauthor,https://linkinghub.elsevier.com/retrieve/pii/S0048969721023743,,
2020,zh,郑州市少数民族运动会期间O3及VOCs污染特征的演变和评估,赵金帅; 于世杰; 王楠; 马双良; 王维思; 尹沙沙; 李一丹; 张栋; 张瑞芹,环境科学,41,10,4436–4445,10.13227/j.hjkx.202002151,https://doi.org/10.13227/j.hjkx.202002151,coauthor,https://www.hjkx.ac.cn/hjkx/ch/reader/view_abstract.aspx?file_no=20201010&flag=1,,
2020,zh,郑州市某城区冬季不同污染水平大气VOCs特征及源解析,李一丹; 尹沙沙; 张瑞芹; 于世杰; 杨健; 张栋,环境科学,41,8,3500–3510,10.13227/j.hjkx.202001133,https://doi.org/10.13227/j.hjkx.202001133,coauthor,https://doi.org/10.13227/j.hjkx.202001133,,
2020,zh,郑州市冬季VOCs污染特征、来源及健康风险评估,张栋; 于世杰; 王楠; 马双良; 王维思; 尹沙沙; 李一丹; 郭旺; 张瑞芹,环境科学学报,40,8,2935–2943,,https://html.rhhz.net/hjkxxb/html/20200216001.htm,first,https://html.rhhz.net/hjkxxb/html/20200216001.htm,,
2020,en,"Characteristics, source apportionment and health risks of ambient VOCs during high ozone period at an urban site in central plain, China",Yidan Li; Shasha Yin; Shijie Yu; Minghao Yuan; Zhe Dong; Dong Zhang; Liuming Yang; Ruiqin Zhang,Chemosphere,250,,126283,10.1016/j.chemosphere.2020.126283,https://doi.org/10.1016/j.chemosphere.2020.126283,coauthor,https://linkinghub.elsevier.com/retrieve/pii/S0045653520304768,,
